{
    "max_verstappen": {
        "dry_pace": 1.0279767021336874,
        "wet_pace": 1.0504295530712682,
        "wet_diff": 0.02245285093758076
    },
    "sargeant": {
        "dry_pace": 1.051308915309268,
        "wet_pace": 1.037254199627463,
        "wet_diff": -0.014054715681805163
    },
    "norris": {
        "dry_pace": 1.0313976006799541,
        "wet_pace": 1.0496562059988914,
        "wet_diff": 0.018258605318937304
    },
    "gasly": {
        "dry_pace": 1.037927566668832,
        "wet_pace": 1.0612985042283711,
        "wet_diff": 0.02337093755953923
    },
    "perez": {
        "dry_pace": 1.0937682445099843,
        "wet_pace": 1.0828707296228455,
        "wet_diff": -0.01089751488713886
    },
    "alonso": {
        "dry_pace": 1.0455578789407396,
        "wet_pace": 1.0556194324506305,
        "wet_diff": 0.010061553509890908
    },
    "leclerc": {
        "dry_pace": 1.0266739451096216,
        "wet_pace": 1.0356530099141374,
        "wet_diff": 0.008979064804515824
    },
    "stroll": {
        "dry_pace": 1.0459680060678516,
        "wet_pace": 1.0440804764611817,
        "wet_diff": -0.0018875296066698244
    },
    "kevin_magnussen": {
        "dry_pace": 1.0282200212119705,
        "wet_pace": 1.0785300905330395,
        "wet_diff": 0.05031006932106896
    },
    "tsunoda": {
        "dry_pace": 1.0374831462036747,
        "wet_pace": 1.0630163579645724,
        "wet_diff": 0.025533211760897734
    },
    "albon": {
        "dry_pace": 1.0292933978931815,
        "wet_pace": 1.0506658182404698,
        "wet_diff": 0.021372420347288257
    },
    "zhou": {
        "dry_pace": 1.0892776152432124,
        "wet_pace": 1.0996989291845594,
        "wet_diff": 0.010421313941346932
    },
    "hulkenberg": {
        "dry_pace": 1.0410924305834783,
        "wet_pace": 1.0583935061239365,
        "wet_diff": 0.017301075540458122
    },
    "ocon": {
        "dry_pace": 1.0375741244097196,
        "wet_pace": 1.061177312634837,
        "wet_diff": 0.02360318822511731
    },
    "hamilton": {
        "dry_pace": 1.0317554007032863,
        "wet_pace": 1.053732113917194,
        "wet_diff": 0.021976713213907706
    },
    "sainz": {
        "dry_pace": 1.032892782217999,
        "wet_pace": 1.0749696988581394,
        "wet_diff": 0.04207691664014046
    },
    "russell": {
        "dry_pace": 1.032017056642811,
        "wet_pace": 1.0580739420056806,
        "wet_diff": 0.026056885362869542
    },
    "bottas": {
        "dry_pace": 1.0595792287177248,
        "wet_pace": 1.1049806131519009,
        "wet_diff": 0.04540138443417607
    },
    "piastri": {
        "dry_pace": 1.0323628905604614,
        "wet_pace": 1.0574844061381252,
        "wet_diff": 0.025121515577663844
    },
    "ricciardo": {
        "dry_pace": 1.0343623915848768,
        "wet_pace": 1.0163680814642049,
        "wet_diff": -0.017994310120671875
    },
    "lawson": {
        "dry_pace": 1.0154598854424777,
        "wet_pace": 1.4375767621203963,
        "wet_diff": 0.42211687667791864
    },
    "bearman": {
        "dry_pace": 1.019043319179809,
        "wet_pace": 1.05,
        "wet_diff": 0.030956680820191096
    },
    "colapinto": {
        "dry_pace": 1.0264001455774256,
        "wet_pace": 1.0214516687868647,
        "wet_diff": -0.004948476790560985
    }
}